design,status,binder_ca_rmsd_angstrom,target_alignment_ca_rmsd_angstrom,i_pae_normalized,binder_ca_count,target_ca_count,binder_residue_name_mismatches,target_residue_name_mismatches,minimum_hotspot_distance_angstrom,hotspot_classification,relaxed_pdb,oracle_pdb,metrics_json,error
rfdiffusion_0,ok,46.162818908691406,0.20004096627235413,0.881364643573761,14,195,0,0,26.3053035736084,> 4 Å,/home/dkouv/work/tfr1-binder-design/experiments/004_oracle_success/outputs/exp1/mpnn_relax/rfdiffusion_0/round_4/relaxed.pdb,/home/dkouv/work/tfr1-binder-design/experiments/004_oracle_success/outputs/exp1/oracle/rfdiffusion_0/round_4/prediction.pdb,/home/dkouv/work/tfr1-binder-design/experiments/004_oracle_success/outputs/exp1/oracle/rfdiffusion_0/round_4/metrics.json,
rfdiffusion_1,ok,27.052000045776367,0.20056286454200745,0.8888854384422302,14,195,0,0,12.559599876403809,> 4 Å,/home/dkouv/work/tfr1-binder-design/experiments/004_oracle_success/outputs/exp1/mpnn_relax/rfdiffusion_1/round_4/relaxed.pdb,/home/dkouv/work/tfr1-binder-design/experiments/004_oracle_success/outputs/exp1/oracle/rfdiffusion_1/round_4/prediction.pdb,/home/dkouv/work/tfr1-binder-design/experiments/004_oracle_success/outputs/exp1/oracle/rfdiffusion_1/round_4/metrics.json,
rfdiffusion_2,ok,24.388097763061523,0.19934587180614471,0.9066022038459778,14,195,0,0,14.190197944641113,> 4 Å,/home/dkouv/work/tfr1-binder-design/experiments/004_oracle_success/outputs/exp1/mpnn_relax/rfdiffusion_2/round_4/relaxed.pdb,/home/dkouv/work/tfr1-binder-design/experiments/004_oracle_success/outputs/exp1/oracle/rfdiffusion_2/round_4/prediction.pdb,/home/dkouv/work/tfr1-binder-design/experiments/004_oracle_success/outputs/exp1/oracle/rfdiffusion_2/round_4/metrics.json,
rfdiffusion_3,ok,17.91173553466797,0.20208115875720978,0.8831450939178467,14,195,0,0,5.043699264526367,> 4 Å,/home/dkouv/work/tfr1-binder-design/experiments/004_oracle_success/outputs/exp1/mpnn_relax/rfdiffusion_3/round_4/relaxed.pdb,/home/dkouv/work/tfr1-binder-design/experiments/004_oracle_success/outputs/exp1/oracle/rfdiffusion_3/round_4/prediction.pdb,/home/dkouv/work/tfr1-binder-design/experiments/004_oracle_success/outputs/exp1/oracle/rfdiffusion_3/round_4/metrics.json,
rfdiffusion_4,ok,14.875775337219238,0.20459380745887756,0.7705510258674622,14,195,0,0,2.8347504138946533,≤ 4 Å,/home/dkouv/work/tfr1-binder-design/experiments/004_oracle_success/outputs/exp1/mpnn_relax/rfdiffusion_4/round_4/relaxed.pdb,/home/dkouv/work/tfr1-binder-design/experiments/004_oracle_success/outputs/exp1/oracle/rfdiffusion_4/round_4/prediction.pdb,/home/dkouv/work/tfr1-binder-design/experiments/004_oracle_success/outputs/exp1/oracle/rfdiffusion_4/round_4/metrics.json,
rfdiffusion_5,ok,15.707847595214844,0.19985976815223694,0.8793957233428955,14,195,0,0,6.453811168670654,> 4 Å,/home/dkouv/work/tfr1-binder-design/experiments/004_oracle_success/outputs/exp1/mpnn_relax/rfdiffusion_5/round_4/relaxed.pdb,/home/dkouv/work/tfr1-binder-design/experiments/004_oracle_success/outputs/exp1/oracle/rfdiffusion_5/round_4/prediction.pdb,/home/dkouv/work/tfr1-binder-design/experiments/004_oracle_success/outputs/exp1/oracle/rfdiffusion_5/round_4/metrics.json,
rfdiffusion_6,ok,0.9872426390647888,0.20736728608608246,0.34398967027664185,14,195,0,0,2.522400140762329,≤ 4 Å,/home/dkouv/work/tfr1-binder-design/experiments/004_oracle_success/outputs/exp1/mpnn_relax/rfdiffusion_6/round_4/relaxed.pdb,/home/dkouv/work/tfr1-binder-design/experiments/004_oracle_success/outputs/exp1/oracle/rfdiffusion_6/round_4/prediction.pdb,/home/dkouv/work/tfr1-binder-design/experiments/004_oracle_success/outputs/exp1/oracle/rfdiffusion_6/round_4/metrics.json,
rfdiffusion_7,ok,21.208351135253906,0.20283569395542145,0.8959597945213318,14,195,0,0,7.363662242889404,> 4 Å,/home/dkouv/work/tfr1-binder-design/experiments/004_oracle_success/outputs/exp1/mpnn_relax/rfdiffusion_7/round_4/relaxed.pdb,/home/dkouv/work/tfr1-binder-design/experiments/004_oracle_success/outputs/exp1/oracle/rfdiffusion_7/round_4/prediction.pdb,/home/dkouv/work/tfr1-binder-design/experiments/004_oracle_success/outputs/exp1/oracle/rfdiffusion_7/round_4/metrics.json,
rfdiffusion_8,ok,15.581277847290039,0.20253562927246094,0.8602073192596436,14,195,0,0,5.464031219482422,> 4 Å,/home/dkouv/work/tfr1-binder-design/experiments/004_oracle_success/outputs/exp1/mpnn_relax/rfdiffusion_8/round_4/relaxed.pdb,/home/dkouv/work/tfr1-binder-design/experiments/004_oracle_success/outputs/exp1/oracle/rfdiffusion_8/round_4/prediction.pdb,/home/dkouv/work/tfr1-binder-design/experiments/004_oracle_success/outputs/exp1/oracle/rfdiffusion_8/round_4/metrics.json,
rfdiffusion_9,ok,45.03900146484375,0.20214048027992249,0.8481266498565674,14,195,0,0,27.349512100219727,> 4 Å,/home/dkouv/work/tfr1-binder-design/experiments/004_oracle_success/outputs/exp1/mpnn_relax/rfdiffusion_9/round_4/relaxed.pdb,/home/dkouv/work/tfr1-binder-design/experiments/004_oracle_success/outputs/exp1/oracle/rfdiffusion_9/round_4/prediction.pdb,/home/dkouv/work/tfr1-binder-design/experiments/004_oracle_success/outputs/exp1/oracle/rfdiffusion_9/round_4/metrics.json,
rfdiffusion_10,ok,15.652202606201172,0.19956174492835999,0.8834864497184753,14,195,0,0,5.751848220825195,> 4 Å,/home/dkouv/work/tfr1-binder-design/experiments/004_oracle_success/outputs/exp1/mpnn_relax/rfdiffusion_10/round_4/relaxed.pdb,/home/dkouv/work/tfr1-binder-design/experiments/004_oracle_success/outputs/exp1/oracle/rfdiffusion_10/round_4/prediction.pdb,/home/dkouv/work/tfr1-binder-design/experiments/004_oracle_success/outputs/exp1/oracle/rfdiffusion_10/round_4/metrics.json,
rfdiffusion_11,ok,12.88425350189209,0.20339195430278778,0.8648267984390259,14,195,0,0,4.125923156738281,> 4 Å,/home/dkouv/work/tfr1-binder-design/experiments/004_oracle_success/outputs/exp1/mpnn_relax/rfdiffusion_11/round_4/relaxed.pdb,/home/dkouv/work/tfr1-binder-design/experiments/004_oracle_success/outputs/exp1/oracle/rfdiffusion_11/round_4/prediction.pdb,/home/dkouv/work/tfr1-binder-design/experiments/004_oracle_success/outputs/exp1/oracle/rfdiffusion_11/round_4/metrics.json,
rfdiffusion_12,ok,19.815595626831055,0.20061823725700378,0.8880484700202942,14,195,0,0,6.088082790374756,> 4 Å,/home/dkouv/work/tfr1-binder-design/experiments/004_oracle_success/outputs/exp1/mpnn_relax/rfdiffusion_12/round_4/relaxed.pdb,/home/dkouv/work/tfr1-binder-design/experiments/004_oracle_success/outputs/exp1/oracle/rfdiffusion_12/round_4/prediction.pdb,/home/dkouv/work/tfr1-binder-design/experiments/004_oracle_success/outputs/exp1/oracle/rfdiffusion_12/round_4/metrics.json,
rfdiffusion_13,ok,28.79363250732422,0.1999979168176651,0.9097880721092224,14,195,0,0,12.210626602172852,> 4 Å,/home/dkouv/work/tfr1-binder-design/experiments/004_oracle_success/outputs/exp1/mpnn_relax/rfdiffusion_13/round_4/relaxed.pdb,/home/dkouv/work/tfr1-binder-design/experiments/004_oracle_success/outputs/exp1/oracle/rfdiffusion_13/round_4/prediction.pdb,/home/dkouv/work/tfr1-binder-design/experiments/004_oracle_success/outputs/exp1/oracle/rfdiffusion_13/round_4/metrics.json,
rfdiffusion_14,ok,19.410158157348633,0.19843611121177673,0.9142434597015381,14,195,0,0,13.756752967834473,> 4 Å,/home/dkouv/work/tfr1-binder-design/experiments/004_oracle_success/outputs/exp1/mpnn_relax/rfdiffusion_14/round_4/relaxed.pdb,/home/dkouv/work/tfr1-binder-design/experiments/004_oracle_success/outputs/exp1/oracle/rfdiffusion_14/round_4/prediction.pdb,/home/dkouv/work/tfr1-binder-design/experiments/004_oracle_success/outputs/exp1/oracle/rfdiffusion_14/round_4/metrics.json,
rfdiffusion_15,ok,14.71016788482666,0.2006453573703766,0.8331364393234253,14,195,0,0,3.891045570373535,≤ 4 Å,/home/dkouv/work/tfr1-binder-design/experiments/004_oracle_success/outputs/exp1/mpnn_relax/rfdiffusion_15/round_4/relaxed.pdb,/home/dkouv/work/tfr1-binder-design/experiments/004_oracle_success/outputs/exp1/oracle/rfdiffusion_15/round_4/prediction.pdb,/home/dkouv/work/tfr1-binder-design/experiments/004_oracle_success/outputs/exp1/oracle/rfdiffusion_15/round_4/metrics.json,
rfdiffusion_16,ok,14.022675514221191,0.2023257315158844,0.8428895473480225,14,195,0,0,3.5026345252990723,≤ 4 Å,/home/dkouv/work/tfr1-binder-design/experiments/004_oracle_success/outputs/exp1/mpnn_relax/rfdiffusion_16/round_4/relaxed.pdb,/home/dkouv/work/tfr1-binder-design/experiments/004_oracle_success/outputs/exp1/oracle/rfdiffusion_16/round_4/prediction.pdb,/home/dkouv/work/tfr1-binder-design/experiments/004_oracle_success/outputs/exp1/oracle/rfdiffusion_16/round_4/metrics.json,
rfdiffusion_17,ok,9.252150535583496,0.2005860060453415,0.8916724920272827,14,195,0,0,3.752182960510254,≤ 4 Å,/home/dkouv/work/tfr1-binder-design/experiments/004_oracle_success/outputs/exp1/mpnn_relax/rfdiffusion_17/round_4/relaxed.pdb,/home/dkouv/work/tfr1-binder-design/experiments/004_oracle_success/outputs/exp1/oracle/rfdiffusion_17/round_4/prediction.pdb,/home/dkouv/work/tfr1-binder-design/experiments/004_oracle_success/outputs/exp1/oracle/rfdiffusion_17/round_4/metrics.json,
rfdiffusion_18,ok,60.5992546081543,0.19695359468460083,0.9039551019668579,14,195,0,0,44.143287658691406,> 4 Å,/home/dkouv/work/tfr1-binder-design/experiments/004_oracle_success/outputs/exp1/mpnn_relax/rfdiffusion_18/round_4/relaxed.pdb,/home/dkouv/work/tfr1-binder-design/experiments/004_oracle_success/outputs/exp1/oracle/rfdiffusion_18/round_4/prediction.pdb,/home/dkouv/work/tfr1-binder-design/experiments/004_oracle_success/outputs/exp1/oracle/rfdiffusion_18/round_4/metrics.json,
rfdiffusion_19,ok,36.34988784790039,0.20155324041843414,0.673087477684021,14,195,0,0,19.08550262451172,> 4 Å,/home/dkouv/work/tfr1-binder-design/experiments/004_oracle_success/outputs/exp1/mpnn_relax/rfdiffusion_19/round_4/relaxed.pdb,/home/dkouv/work/tfr1-binder-design/experiments/004_oracle_success/outputs/exp1/oracle/rfdiffusion_19/round_4/prediction.pdb,/home/dkouv/work/tfr1-binder-design/experiments/004_oracle_success/outputs/exp1/oracle/rfdiffusion_19/round_4/metrics.json,
rfdiffusion_20,ok,45.570560455322266,0.20150192081928253,0.9043083190917969,14,195,0,0,25.830427169799805,> 4 Å,/home/dkouv/work/tfr1-binder-design/experiments/004_oracle_success/outputs/exp1/mpnn_relax/rfdiffusion_20/round_4/relaxed.pdb,/home/dkouv/work/tfr1-binder-design/experiments/004_oracle_success/outputs/exp1/oracle/rfdiffusion_20/round_4/prediction.pdb,/home/dkouv/work/tfr1-binder-design/experiments/004_oracle_success/outputs/exp1/oracle/rfdiffusion_20/round_4/metrics.json,
rfdiffusion_21,ok,20.820558547973633,0.20073848962783813,0.9013752341270447,14,195,0,0,10.86894702911377,> 4 Å,/home/dkouv/work/tfr1-binder-design/experiments/004_oracle_success/outputs/exp1/mpnn_relax/rfdiffusion_21/round_4/relaxed.pdb,/home/dkouv/work/tfr1-binder-design/experiments/004_oracle_success/outputs/exp1/oracle/rfdiffusion_21/round_4/prediction.pdb,/home/dkouv/work/tfr1-binder-design/experiments/004_oracle_success/outputs/exp1/oracle/rfdiffusion_21/round_4/metrics.json,
rfdiffusion_22,ok,39.74240493774414,0.20279793441295624,0.6337988972663879,14,195,0,0,17.412425994873047,> 4 Å,/home/dkouv/work/tfr1-binder-design/experiments/004_oracle_success/outputs/exp1/mpnn_relax/rfdiffusion_22/round_4/relaxed.pdb,/home/dkouv/work/tfr1-binder-design/experiments/004_oracle_success/outputs/exp1/oracle/rfdiffusion_22/round_4/prediction.pdb,/home/dkouv/work/tfr1-binder-design/experiments/004_oracle_success/outputs/exp1/oracle/rfdiffusion_22/round_4/metrics.json,
rfdiffusion_23,ok,7.548426151275635,0.20072588324546814,0.8711612224578857,14,195,0,0,4.749887943267822,> 4 Å,/home/dkouv/work/tfr1-binder-design/experiments/004_oracle_success/outputs/exp1/mpnn_relax/rfdiffusion_23/round_4/relaxed.pdb,/home/dkouv/work/tfr1-binder-design/experiments/004_oracle_success/outputs/exp1/oracle/rfdiffusion_23/round_4/prediction.pdb,/home/dkouv/work/tfr1-binder-design/experiments/004_oracle_success/outputs/exp1/oracle/rfdiffusion_23/round_4/metrics.json,
rfdiffusion_24,ok,26.44219207763672,0.19870637357234955,0.9161653518676758,14,195,0,0,21.421863555908203,> 4 Å,/home/dkouv/work/tfr1-binder-design/experiments/004_oracle_success/outputs/exp1/mpnn_relax/rfdiffusion_24/round_4/relaxed.pdb,/home/dkouv/work/tfr1-binder-design/experiments/004_oracle_success/outputs/exp1/oracle/rfdiffusion_24/round_4/prediction.pdb,/home/dkouv/work/tfr1-binder-design/experiments/004_oracle_success/outputs/exp1/oracle/rfdiffusion_24/round_4/metrics.json,
rfdiffusion_25,ok,53.02138900756836,0.199605330824852,0.9097573161125183,14,195,0,0,29.3839054107666,> 4 Å,/home/dkouv/work/tfr1-binder-design/experiments/004_oracle_success/outputs/exp1/mpnn_relax/rfdiffusion_25/round_4/relaxed.pdb,/home/dkouv/work/tfr1-binder-design/experiments/004_oracle_success/outputs/exp1/oracle/rfdiffusion_25/round_4/prediction.pdb,/home/dkouv/work/tfr1-binder-design/experiments/004_oracle_success/outputs/exp1/oracle/rfdiffusion_25/round_4/metrics.json,
rfdiffusion_26,ok,6.59098482131958,0.20240506529808044,0.799228310585022,14,195,0,0,3.60404372215271,≤ 4 Å,/home/dkouv/work/tfr1-binder-design/experiments/004_oracle_success/outputs/exp1/mpnn_relax/rfdiffusion_26/round_4/relaxed.pdb,/home/dkouv/work/tfr1-binder-design/experiments/004_oracle_success/outputs/exp1/oracle/rfdiffusion_26/round_4/prediction.pdb,/home/dkouv/work/tfr1-binder-design/experiments/004_oracle_success/outputs/exp1/oracle/rfdiffusion_26/round_4/metrics.json,
rfdiffusion_27,ok,20.852367401123047,0.1988641768693924,0.9133689999580383,14,195,0,0,8.730113983154297,> 4 Å,/home/dkouv/work/tfr1-binder-design/experiments/004_oracle_success/outputs/exp1/mpnn_relax/rfdiffusion_27/round_4/relaxed.pdb,/home/dkouv/work/tfr1-binder-design/experiments/004_oracle_success/outputs/exp1/oracle/rfdiffusion_27/round_4/prediction.pdb,/home/dkouv/work/tfr1-binder-design/experiments/004_oracle_success/outputs/exp1/oracle/rfdiffusion_27/round_4/metrics.json,
rfdiffusion_28,ok,27.876033782958984,0.1998404860496521,0.9100121259689331,14,195,0,0,12.834270477294922,> 4 Å,/home/dkouv/work/tfr1-binder-design/experiments/004_oracle_success/outputs/exp1/mpnn_relax/rfdiffusion_28/round_4/relaxed.pdb,/home/dkouv/work/tfr1-binder-design/experiments/004_oracle_success/outputs/exp1/oracle/rfdiffusion_28/round_4/prediction.pdb,/home/dkouv/work/tfr1-binder-design/experiments/004_oracle_success/outputs/exp1/oracle/rfdiffusion_28/round_4/metrics.json,
rfdiffusion_29,ok,2.6105005741119385,0.2039603292942047,0.7893966436386108,14,195,0,0,3.908334970474243,≤ 4 Å,/home/dkouv/work/tfr1-binder-design/experiments/004_oracle_success/outputs/exp1/mpnn_relax/rfdiffusion_29/round_4/relaxed.pdb,/home/dkouv/work/tfr1-binder-design/experiments/004_oracle_success/outputs/exp1/oracle/rfdiffusion_29/round_4/prediction.pdb,/home/dkouv/work/tfr1-binder-design/experiments/004_oracle_success/outputs/exp1/oracle/rfdiffusion_29/round_4/metrics.json,
rfdiffusion_30,ok,49.864410400390625,0.19943663477897644,0.8947480320930481,14,195,0,0,23.48312759399414,> 4 Å,/home/dkouv/work/tfr1-binder-design/experiments/004_oracle_success/outputs/exp1/mpnn_relax/rfdiffusion_30/round_4/relaxed.pdb,/home/dkouv/work/tfr1-binder-design/experiments/004_oracle_success/outputs/exp1/oracle/rfdiffusion_30/round_4/prediction.pdb,/home/dkouv/work/tfr1-binder-design/experiments/004_oracle_success/outputs/exp1/oracle/rfdiffusion_30/round_4/metrics.json,
rfdiffusion_31,ok,8.307497024536133,0.20113714039325714,0.8587847948074341,14,195,0,0,4.429454803466797,> 4 Å,/home/dkouv/work/tfr1-binder-design/experiments/004_oracle_success/outputs/exp1/mpnn_relax/rfdiffusion_31/round_4/relaxed.pdb,/home/dkouv/work/tfr1-binder-design/experiments/004_oracle_success/outputs/exp1/oracle/rfdiffusion_31/round_4/prediction.pdb,/home/dkouv/work/tfr1-binder-design/experiments/004_oracle_success/outputs/exp1/oracle/rfdiffusion_31/round_4/metrics.json,
rfdiffusion_32,ok,15.93048095703125,0.20062321424484253,0.9025431871414185,14,195,0,0,9.397724151611328,> 4 Å,/home/dkouv/work/tfr1-binder-design/experiments/004_oracle_success/outputs/exp1/mpnn_relax/rfdiffusion_32/round_4/relaxed.pdb,/home/dkouv/work/tfr1-binder-design/experiments/004_oracle_success/outputs/exp1/oracle/rfdiffusion_32/round_4/prediction.pdb,/home/dkouv/work/tfr1-binder-design/experiments/004_oracle_success/outputs/exp1/oracle/rfdiffusion_32/round_4/metrics.json,
rfdiffusion_33,ok,24.337928771972656,0.19995570182800293,0.910603940486908,14,195,0,0,13.271248817443848,> 4 Å,/home/dkouv/work/tfr1-binder-design/experiments/004_oracle_success/outputs/exp1/mpnn_relax/rfdiffusion_33/round_4/relaxed.pdb,/home/dkouv/work/tfr1-binder-design/experiments/004_oracle_success/outputs/exp1/oracle/rfdiffusion_33/round_4/prediction.pdb,/home/dkouv/work/tfr1-binder-design/experiments/004_oracle_success/outputs/exp1/oracle/rfdiffusion_33/round_4/metrics.json,
rfdiffusion_34,ok,39.391502380371094,0.20284484326839447,0.7944128513336182,14,195,0,0,18.955081939697266,> 4 Å,/home/dkouv/work/tfr1-binder-design/experiments/004_oracle_success/outputs/exp1/mpnn_relax/rfdiffusion_34/round_4/relaxed.pdb,/home/dkouv/work/tfr1-binder-design/experiments/004_oracle_success/outputs/exp1/oracle/rfdiffusion_34/round_4/prediction.pdb,/home/dkouv/work/tfr1-binder-design/experiments/004_oracle_success/outputs/exp1/oracle/rfdiffusion_34/round_4/metrics.json,
rfdiffusion_35,ok,17.580734252929688,0.20334739983081818,0.9009977579116821,14,195,0,0,10.545455932617188,> 4 Å,/home/dkouv/work/tfr1-binder-design/experiments/004_oracle_success/outputs/exp1/mpnn_relax/rfdiffusion_35/round_4/relaxed.pdb,/home/dkouv/work/tfr1-binder-design/experiments/004_oracle_success/outputs/exp1/oracle/rfdiffusion_35/round_4/prediction.pdb,/home/dkouv/work/tfr1-binder-design/experiments/004_oracle_success/outputs/exp1/oracle/rfdiffusion_35/round_4/metrics.json,
rfdiffusion_36,ok,27.94224739074707,0.19731274247169495,0.9114571809768677,14,195,0,0,18.466615676879883,> 4 Å,/home/dkouv/work/tfr1-binder-design/experiments/004_oracle_success/outputs/exp1/mpnn_relax/rfdiffusion_36/round_4/relaxed.pdb,/home/dkouv/work/tfr1-binder-design/experiments/004_oracle_success/outputs/exp1/oracle/rfdiffusion_36/round_4/prediction.pdb,/home/dkouv/work/tfr1-binder-design/experiments/004_oracle_success/outputs/exp1/oracle/rfdiffusion_36/round_4/metrics.json,
rfdiffusion_37,ok,43.82468032836914,0.20286744832992554,0.9131759405136108,14,195,0,0,24.1632022857666,> 4 Å,/home/dkouv/work/tfr1-binder-design/experiments/004_oracle_success/outputs/exp1/mpnn_relax/rfdiffusion_37/round_4/relaxed.pdb,/home/dkouv/work/tfr1-binder-design/experiments/004_oracle_success/outputs/exp1/oracle/rfdiffusion_37/round_4/prediction.pdb,/home/dkouv/work/tfr1-binder-design/experiments/004_oracle_success/outputs/exp1/oracle/rfdiffusion_37/round_4/metrics.json,
rfdiffusion_38,ok,44.766014099121094,0.2017294317483902,0.8565898537635803,14,195,0,0,25.780643463134766,> 4 Å,/home/dkouv/work/tfr1-binder-design/experiments/004_oracle_success/outputs/exp1/mpnn_relax/rfdiffusion_38/round_4/relaxed.pdb,/home/dkouv/work/tfr1-binder-design/experiments/004_oracle_success/outputs/exp1/oracle/rfdiffusion_38/round_4/prediction.pdb,/home/dkouv/work/tfr1-binder-design/experiments/004_oracle_success/outputs/exp1/oracle/rfdiffusion_38/round_4/metrics.json,
rfdiffusion_39,ok,40.564640045166016,0.20216681063175201,0.6881808638572693,14,195,0,0,18.19226837158203,> 4 Å,/home/dkouv/work/tfr1-binder-design/experiments/004_oracle_success/outputs/exp1/mpnn_relax/rfdiffusion_39/round_4/relaxed.pdb,/home/dkouv/work/tfr1-binder-design/experiments/004_oracle_success/outputs/exp1/oracle/rfdiffusion_39/round_4/prediction.pdb,/home/dkouv/work/tfr1-binder-design/experiments/004_oracle_success/outputs/exp1/oracle/rfdiffusion_39/round_4/metrics.json,
rfdiffusion_40,ok,30.43688201904297,0.19887129962444305,0.8195121884346008,14,195,0,0,16.938697814941406,> 4 Å,/home/dkouv/work/tfr1-binder-design/experiments/004_oracle_success/outputs/exp1/mpnn_relax/rfdiffusion_40/round_4/relaxed.pdb,/home/dkouv/work/tfr1-binder-design/experiments/004_oracle_success/outputs/exp1/oracle/rfdiffusion_40/round_4/prediction.pdb,/home/dkouv/work/tfr1-binder-design/experiments/004_oracle_success/outputs/exp1/oracle/rfdiffusion_40/round_4/metrics.json,
rfdiffusion_41,ok,50.772762298583984,0.19990059733390808,0.9200205206871033,14,195,0,0,28.348716735839844,> 4 Å,/home/dkouv/work/tfr1-binder-design/experiments/004_oracle_success/outputs/exp1/mpnn_relax/rfdiffusion_41/round_4/relaxed.pdb,/home/dkouv/work/tfr1-binder-design/experiments/004_oracle_success/outputs/exp1/oracle/rfdiffusion_41/round_4/prediction.pdb,/home/dkouv/work/tfr1-binder-design/experiments/004_oracle_success/outputs/exp1/oracle/rfdiffusion_41/round_4/metrics.json,
rfdiffusion_42,ok,21.651927947998047,0.19848334789276123,0.8949792981147766,14,195,0,0,10.11866283416748,> 4 Å,/home/dkouv/work/tfr1-binder-design/experiments/004_oracle_success/outputs/exp1/mpnn_relax/rfdiffusion_42/round_4/relaxed.pdb,/home/dkouv/work/tfr1-binder-design/experiments/004_oracle_success/outputs/exp1/oracle/rfdiffusion_42/round_4/prediction.pdb,/home/dkouv/work/tfr1-binder-design/experiments/004_oracle_success/outputs/exp1/oracle/rfdiffusion_42/round_4/metrics.json,
rfdiffusion_43,ok,52.501365661621094,0.20062366127967834,0.8835440278053284,14,195,0,0,31.55178451538086,> 4 Å,/home/dkouv/work/tfr1-binder-design/experiments/004_oracle_success/outputs/exp1/mpnn_relax/rfdiffusion_43/round_4/relaxed.pdb,/home/dkouv/work/tfr1-binder-design/experiments/004_oracle_success/outputs/exp1/oracle/rfdiffusion_43/round_4/prediction.pdb,/home/dkouv/work/tfr1-binder-design/experiments/004_oracle_success/outputs/exp1/oracle/rfdiffusion_43/round_4/metrics.json,
rfdiffusion_44,ok,40.42869186401367,0.20442719757556915,0.7479177117347717,14,195,0,0,18.026405334472656,> 4 Å,/home/dkouv/work/tfr1-binder-design/experiments/004_oracle_success/outputs/exp1/mpnn_relax/rfdiffusion_44/round_4/relaxed.pdb,/home/dkouv/work/tfr1-binder-design/experiments/004_oracle_success/outputs/exp1/oracle/rfdiffusion_44/round_4/prediction.pdb,/home/dkouv/work/tfr1-binder-design/experiments/004_oracle_success/outputs/exp1/oracle/rfdiffusion_44/round_4/metrics.json,
rfdiffusion_45,ok,59.731170654296875,0.19736863672733307,0.9085391163825989,14,195,0,0,39.833656311035156,> 4 Å,/home/dkouv/work/tfr1-binder-design/experiments/004_oracle_success/outputs/exp1/mpnn_relax/rfdiffusion_45/round_4/relaxed.pdb,/home/dkouv/work/tfr1-binder-design/experiments/004_oracle_success/outputs/exp1/oracle/rfdiffusion_45/round_4/prediction.pdb,/home/dkouv/work/tfr1-binder-design/experiments/004_oracle_success/outputs/exp1/oracle/rfdiffusion_45/round_4/metrics.json,
rfdiffusion_46,ok,21.379981994628906,0.20215433835983276,0.8657603859901428,14,195,0,0,8.96725082397461,> 4 Å,/home/dkouv/work/tfr1-binder-design/experiments/004_oracle_success/outputs/exp1/mpnn_relax/rfdiffusion_46/round_4/relaxed.pdb,/home/dkouv/work/tfr1-binder-design/experiments/004_oracle_success/outputs/exp1/oracle/rfdiffusion_46/round_4/prediction.pdb,/home/dkouv/work/tfr1-binder-design/experiments/004_oracle_success/outputs/exp1/oracle/rfdiffusion_46/round_4/metrics.json,
rfdiffusion_47,ok,30.189163208007812,0.20068985223770142,0.8942574262619019,14,195,0,0,14.32465934753418,> 4 Å,/home/dkouv/work/tfr1-binder-design/experiments/004_oracle_success/outputs/exp1/mpnn_relax/rfdiffusion_47/round_4/relaxed.pdb,/home/dkouv/work/tfr1-binder-design/experiments/004_oracle_success/outputs/exp1/oracle/rfdiffusion_47/round_4/prediction.pdb,/home/dkouv/work/tfr1-binder-design/experiments/004_oracle_success/outputs/exp1/oracle/rfdiffusion_47/round_4/metrics.json,
rfdiffusion_48,ok,19.460359573364258,0.2012818455696106,0.8615420460700989,14,195,0,0,6.246568202972412,> 4 Å,/home/dkouv/work/tfr1-binder-design/experiments/004_oracle_success/outputs/exp1/mpnn_relax/rfdiffusion_48/round_4/relaxed.pdb,/home/dkouv/work/tfr1-binder-design/experiments/004_oracle_success/outputs/exp1/oracle/rfdiffusion_48/round_4/prediction.pdb,/home/dkouv/work/tfr1-binder-design/experiments/004_oracle_success/outputs/exp1/oracle/rfdiffusion_48/round_4/metrics.json,
rfdiffusion_49,ok,55.73163986206055,0.201716810464859,0.8958575129508972,14,195,0,0,32.60637283325195,> 4 Å,/home/dkouv/work/tfr1-binder-design/experiments/004_oracle_success/outputs/exp1/mpnn_relax/rfdiffusion_49/round_4/relaxed.pdb,/home/dkouv/work/tfr1-binder-design/experiments/004_oracle_success/outputs/exp1/oracle/rfdiffusion_49/round_4/prediction.pdb,/home/dkouv/work/tfr1-binder-design/experiments/004_oracle_success/outputs/exp1/oracle/rfdiffusion_49/round_4/metrics.json,
rfdiffusion_50,ok,17.68195915222168,0.20323313772678375,0.8505873084068298,14,195,0,0,5.2915825843811035,> 4 Å,/home/dkouv/work/tfr1-binder-design/experiments/004_oracle_success/outputs/exp1/mpnn_relax/rfdiffusion_50/round_4/relaxed.pdb,/home/dkouv/work/tfr1-binder-design/experiments/004_oracle_success/outputs/exp1/oracle/rfdiffusion_50/round_4/prediction.pdb,/home/dkouv/work/tfr1-binder-design/experiments/004_oracle_success/outputs/exp1/oracle/rfdiffusion_50/round_4/metrics.json,
rfdiffusion_51,ok,7.30596923828125,0.19951827824115753,0.8045891523361206,14,195,0,0,4.1301703453063965,> 4 Å,/home/dkouv/work/tfr1-binder-design/experiments/004_oracle_success/outputs/exp1/mpnn_relax/rfdiffusion_51/round_4/relaxed.pdb,/home/dkouv/work/tfr1-binder-design/experiments/004_oracle_success/outputs/exp1/oracle/rfdiffusion_51/round_4/prediction.pdb,/home/dkouv/work/tfr1-binder-design/experiments/004_oracle_success/outputs/exp1/oracle/rfdiffusion_51/round_4/metrics.json,
rfdiffusion_52,ok,11.558048248291016,0.1979028731584549,0.8933179974555969,14,195,0,0,6.6267242431640625,> 4 Å,/home/dkouv/work/tfr1-binder-design/experiments/004_oracle_success/outputs/exp1/mpnn_relax/rfdiffusion_52/round_4/relaxed.pdb,/home/dkouv/work/tfr1-binder-design/experiments/004_oracle_success/outputs/exp1/oracle/rfdiffusion_52/round_4/prediction.pdb,/home/dkouv/work/tfr1-binder-design/experiments/004_oracle_success/outputs/exp1/oracle/rfdiffusion_52/round_4/metrics.json,
rfdiffusion_53,ok,12.11335563659668,0.20104558765888214,0.8806475400924683,14,195,0,0,6.944875240325928,> 4 Å,/home/dkouv/work/tfr1-binder-design/experiments/004_oracle_success/outputs/exp1/mpnn_relax/rfdiffusion_53/round_4/relaxed.pdb,/home/dkouv/work/tfr1-binder-design/experiments/004_oracle_success/outputs/exp1/oracle/rfdiffusion_53/round_4/prediction.pdb,/home/dkouv/work/tfr1-binder-design/experiments/004_oracle_success/outputs/exp1/oracle/rfdiffusion_53/round_4/metrics.json,
rfdiffusion_54,ok,13.133801460266113,0.20067034661769867,0.8910172581672668,14,195,0,0,8.946333885192871,> 4 Å,/home/dkouv/work/tfr1-binder-design/experiments/004_oracle_success/outputs/exp1/mpnn_relax/rfdiffusion_54/round_4/relaxed.pdb,/home/dkouv/work/tfr1-binder-design/experiments/004_oracle_success/outputs/exp1/oracle/rfdiffusion_54/round_4/prediction.pdb,/home/dkouv/work/tfr1-binder-design/experiments/004_oracle_success/outputs/exp1/oracle/rfdiffusion_54/round_4/metrics.json,
rfdiffusion_55,ok,27.691848754882812,0.19992826879024506,0.9005158543586731,14,195,0,0,15.75631332397461,> 4 Å,/home/dkouv/work/tfr1-binder-design/experiments/004_oracle_success/outputs/exp1/mpnn_relax/rfdiffusion_55/round_4/relaxed.pdb,/home/dkouv/work/tfr1-binder-design/experiments/004_oracle_success/outputs/exp1/oracle/rfdiffusion_55/round_4/prediction.pdb,/home/dkouv/work/tfr1-binder-design/experiments/004_oracle_success/outputs/exp1/oracle/rfdiffusion_55/round_4/metrics.json,
rfdiffusion_56,ok,1.3567956686019897,0.20594261586666107,0.30376675724983215,14,195,0,0,2.7695913314819336,≤ 4 Å,/home/dkouv/work/tfr1-binder-design/experiments/004_oracle_success/outputs/exp1/mpnn_relax/rfdiffusion_56/round_4/relaxed.pdb,/home/dkouv/work/tfr1-binder-design/experiments/004_oracle_success/outputs/exp1/oracle/rfdiffusion_56/round_4/prediction.pdb,/home/dkouv/work/tfr1-binder-design/experiments/004_oracle_success/outputs/exp1/oracle/rfdiffusion_56/round_4/metrics.json,
rfdiffusion_57,ok,41.78840255737305,0.20295383036136627,0.7691450119018555,14,195,0,0,19.207862854003906,> 4 Å,/home/dkouv/work/tfr1-binder-design/experiments/004_oracle_success/outputs/exp1/mpnn_relax/rfdiffusion_57/round_4/relaxed.pdb,/home/dkouv/work/tfr1-binder-design/experiments/004_oracle_success/outputs/exp1/oracle/rfdiffusion_57/round_4/prediction.pdb,/home/dkouv/work/tfr1-binder-design/experiments/004_oracle_success/outputs/exp1/oracle/rfdiffusion_57/round_4/metrics.json,
rfdiffusion_58,ok,40.064170837402344,0.19911104440689087,0.9016125798225403,14,195,0,0,23.314088821411133,> 4 Å,/home/dkouv/work/tfr1-binder-design/experiments/004_oracle_success/outputs/exp1/mpnn_relax/rfdiffusion_58/round_4/relaxed.pdb,/home/dkouv/work/tfr1-binder-design/experiments/004_oracle_success/outputs/exp1/oracle/rfdiffusion_58/round_4/prediction.pdb,/home/dkouv/work/tfr1-binder-design/experiments/004_oracle_success/outputs/exp1/oracle/rfdiffusion_58/round_4/metrics.json,
rfdiffusion_59,ok,20.283681869506836,0.20125237107276917,0.8747731447219849,14,195,0,0,6.304649829864502,> 4 Å,/home/dkouv/work/tfr1-binder-design/experiments/004_oracle_success/outputs/exp1/mpnn_relax/rfdiffusion_59/round_4/relaxed.pdb,/home/dkouv/work/tfr1-binder-design/experiments/004_oracle_success/outputs/exp1/oracle/rfdiffusion_59/round_4/prediction.pdb,/home/dkouv/work/tfr1-binder-design/experiments/004_oracle_success/outputs/exp1/oracle/rfdiffusion_59/round_4/metrics.json,
rfdiffusion_60,ok,15.079662322998047,0.20217984914779663,0.8437820076942444,14,195,0,0,3.8896448612213135,≤ 4 Å,/home/dkouv/work/tfr1-binder-design/experiments/004_oracle_success/outputs/exp1/mpnn_relax/rfdiffusion_60/round_4/relaxed.pdb,/home/dkouv/work/tfr1-binder-design/experiments/004_oracle_success/outputs/exp1/oracle/rfdiffusion_60/round_4/prediction.pdb,/home/dkouv/work/tfr1-binder-design/experiments/004_oracle_success/outputs/exp1/oracle/rfdiffusion_60/round_4/metrics.json,
rfdiffusion_61,ok,16.912797927856445,0.2012295424938202,0.8848604559898376,14,195,0,0,0.8958467841148376,≤ 4 Å,/home/dkouv/work/tfr1-binder-design/experiments/004_oracle_success/outputs/exp1/mpnn_relax/rfdiffusion_61/round_4/relaxed.pdb,/home/dkouv/work/tfr1-binder-design/experiments/004_oracle_success/outputs/exp1/oracle/rfdiffusion_61/round_4/prediction.pdb,/home/dkouv/work/tfr1-binder-design/experiments/004_oracle_success/outputs/exp1/oracle/rfdiffusion_61/round_4/metrics.json,
rfdiffusion_62,ok,43.60508728027344,0.1991661936044693,0.8963838815689087,14,195,0,0,24.618919372558594,> 4 Å,/home/dkouv/work/tfr1-binder-design/experiments/004_oracle_success/outputs/exp1/mpnn_relax/rfdiffusion_62/round_4/relaxed.pdb,/home/dkouv/work/tfr1-binder-design/experiments/004_oracle_success/outputs/exp1/oracle/rfdiffusion_62/round_4/prediction.pdb,/home/dkouv/work/tfr1-binder-design/experiments/004_oracle_success/outputs/exp1/oracle/rfdiffusion_62/round_4/metrics.json,
rfdiffusion_63,ok,1.625295639038086,0.20442473888397217,0.402970552444458,14,195,0,0,2.4854605197906494,≤ 4 Å,/home/dkouv/work/tfr1-binder-design/experiments/004_oracle_success/outputs/exp1/mpnn_relax/rfdiffusion_63/round_4/relaxed.pdb,/home/dkouv/work/tfr1-binder-design/experiments/004_oracle_success/outputs/exp1/oracle/rfdiffusion_63/round_4/prediction.pdb,/home/dkouv/work/tfr1-binder-design/experiments/004_oracle_success/outputs/exp1/oracle/rfdiffusion_63/round_4/metrics.json,
rfdiffusion_64,ok,47.10377883911133,0.20058369636535645,0.8843052387237549,14,195,0,0,26.013689041137695,> 4 Å,/home/dkouv/work/tfr1-binder-design/experiments/004_oracle_success/outputs/exp1/mpnn_relax/rfdiffusion_64/round_4/relaxed.pdb,/home/dkouv/work/tfr1-binder-design/experiments/004_oracle_success/outputs/exp1/oracle/rfdiffusion_64/round_4/prediction.pdb,/home/dkouv/work/tfr1-binder-design/experiments/004_oracle_success/outputs/exp1/oracle/rfdiffusion_64/round_4/metrics.json,
rfdiffusion_65,ok,17.739288330078125,0.20229700207710266,0.8885740637779236,14,195,0,0,4.659103870391846,> 4 Å,/home/dkouv/work/tfr1-binder-design/experiments/004_oracle_success/outputs/exp1/mpnn_relax/rfdiffusion_65/round_4/relaxed.pdb,/home/dkouv/work/tfr1-binder-design/experiments/004_oracle_success/outputs/exp1/oracle/rfdiffusion_65/round_4/prediction.pdb,/home/dkouv/work/tfr1-binder-design/experiments/004_oracle_success/outputs/exp1/oracle/rfdiffusion_65/round_4/metrics.json,
rfdiffusion_66,ok,15.213626861572266,0.19846011698246002,0.9040945172309875,14,195,0,0,7.561285018920898,> 4 Å,/home/dkouv/work/tfr1-binder-design/experiments/004_oracle_success/outputs/exp1/mpnn_relax/rfdiffusion_66/round_4/relaxed.pdb,/home/dkouv/work/tfr1-binder-design/experiments/004_oracle_success/outputs/exp1/oracle/rfdiffusion_66/round_4/prediction.pdb,/home/dkouv/work/tfr1-binder-design/experiments/004_oracle_success/outputs/exp1/oracle/rfdiffusion_66/round_4/metrics.json,
rfdiffusion_67,ok,33.55967330932617,0.19704492390155792,0.9115381240844727,14,195,0,0,25.533390045166016,> 4 Å,/home/dkouv/work/tfr1-binder-design/experiments/004_oracle_success/outputs/exp1/mpnn_relax/rfdiffusion_67/round_4/relaxed.pdb,/home/dkouv/work/tfr1-binder-design/experiments/004_oracle_success/outputs/exp1/oracle/rfdiffusion_67/round_4/prediction.pdb,/home/dkouv/work/tfr1-binder-design/experiments/004_oracle_success/outputs/exp1/oracle/rfdiffusion_67/round_4/metrics.json,
rfdiffusion_68,ok,40.97122573852539,0.20296527445316315,0.7197266817092896,14,195,0,0,18.136188507080078,> 4 Å,/home/dkouv/work/tfr1-binder-design/experiments/004_oracle_success/outputs/exp1/mpnn_relax/rfdiffusion_68/round_4/relaxed.pdb,/home/dkouv/work/tfr1-binder-design/experiments/004_oracle_success/outputs/exp1/oracle/rfdiffusion_68/round_4/prediction.pdb,/home/dkouv/work/tfr1-binder-design/experiments/004_oracle_success/outputs/exp1/oracle/rfdiffusion_68/round_4/metrics.json,
rfdiffusion_69,ok,27.354642868041992,0.20204342901706696,0.898956835269928,14,195,0,0,13.21422290802002,> 4 Å,/home/dkouv/work/tfr1-binder-design/experiments/004_oracle_success/outputs/exp1/mpnn_relax/rfdiffusion_69/round_4/relaxed.pdb,/home/dkouv/work/tfr1-binder-design/experiments/004_oracle_success/outputs/exp1/oracle/rfdiffusion_69/round_4/prediction.pdb,/home/dkouv/work/tfr1-binder-design/experiments/004_oracle_success/outputs/exp1/oracle/rfdiffusion_69/round_4/metrics.json,
rfdiffusion_70,ok,22.7299861907959,0.20103004574775696,0.9125059247016907,14,195,0,0,11.105871200561523,> 4 Å,/home/dkouv/work/tfr1-binder-design/experiments/004_oracle_success/outputs/exp1/mpnn_relax/rfdiffusion_70/round_4/relaxed.pdb,/home/dkouv/work/tfr1-binder-design/experiments/004_oracle_success/outputs/exp1/oracle/rfdiffusion_70/round_4/prediction.pdb,/home/dkouv/work/tfr1-binder-design/experiments/004_oracle_success/outputs/exp1/oracle/rfdiffusion_70/round_4/metrics.json,
rfdiffusion_71,ok,25.952484130859375,0.1994509994983673,0.903724193572998,14,195,0,0,14.468299865722656,> 4 Å,/home/dkouv/work/tfr1-binder-design/experiments/004_oracle_success/outputs/exp1/mpnn_relax/rfdiffusion_71/round_4/relaxed.pdb,/home/dkouv/work/tfr1-binder-design/experiments/004_oracle_success/outputs/exp1/oracle/rfdiffusion_71/round_4/prediction.pdb,/home/dkouv/work/tfr1-binder-design/experiments/004_oracle_success/outputs/exp1/oracle/rfdiffusion_71/round_4/metrics.json,
rfdiffusion_72,ok,33.54962158203125,0.20052088797092438,0.9065773487091064,14,195,0,0,15.097573280334473,> 4 Å,/home/dkouv/work/tfr1-binder-design/experiments/004_oracle_success/outputs/exp1/mpnn_relax/rfdiffusion_72/round_4/relaxed.pdb,/home/dkouv/work/tfr1-binder-design/experiments/004_oracle_success/outputs/exp1/oracle/rfdiffusion_72/round_4/prediction.pdb,/home/dkouv/work/tfr1-binder-design/experiments/004_oracle_success/outputs/exp1/oracle/rfdiffusion_72/round_4/metrics.json,
rfdiffusion_73,ok,18.384862899780273,0.1985427439212799,0.8959318995475769,14,195,0,0,10.877331733703613,> 4 Å,/home/dkouv/work/tfr1-binder-design/experiments/004_oracle_success/outputs/exp1/mpnn_relax/rfdiffusion_73/round_4/relaxed.pdb,/home/dkouv/work/tfr1-binder-design/experiments/004_oracle_success/outputs/exp1/oracle/rfdiffusion_73/round_4/prediction.pdb,/home/dkouv/work/tfr1-binder-design/experiments/004_oracle_success/outputs/exp1/oracle/rfdiffusion_73/round_4/metrics.json,
rfdiffusion_74,ok,3.107536554336548,0.20293612778186798,0.8123066425323486,14,195,0,0,3.479647636413574,≤ 4 Å,/home/dkouv/work/tfr1-binder-design/experiments/004_oracle_success/outputs/exp1/mpnn_relax/rfdiffusion_74/round_4/relaxed.pdb,/home/dkouv/work/tfr1-binder-design/experiments/004_oracle_success/outputs/exp1/oracle/rfdiffusion_74/round_4/prediction.pdb,/home/dkouv/work/tfr1-binder-design/experiments/004_oracle_success/outputs/exp1/oracle/rfdiffusion_74/round_4/metrics.json,
rfdiffusion_75,ok,12.405625343322754,0.2018825262784958,0.9023578763008118,14,195,0,0,5.434656620025635,> 4 Å,/home/dkouv/work/tfr1-binder-design/experiments/004_oracle_success/outputs/exp1/mpnn_relax/rfdiffusion_75/round_4/relaxed.pdb,/home/dkouv/work/tfr1-binder-design/experiments/004_oracle_success/outputs/exp1/oracle/rfdiffusion_75/round_4/prediction.pdb,/home/dkouv/work/tfr1-binder-design/experiments/004_oracle_success/outputs/exp1/oracle/rfdiffusion_75/round_4/metrics.json,
rfdiffusion_76,ok,14.247862815856934,0.2016294002532959,0.8686566352844238,14,195,0,0,7.090010643005371,> 4 Å,/home/dkouv/work/tfr1-binder-design/experiments/004_oracle_success/outputs/exp1/mpnn_relax/rfdiffusion_76/round_4/relaxed.pdb,/home/dkouv/work/tfr1-binder-design/experiments/004_oracle_success/outputs/exp1/oracle/rfdiffusion_76/round_4/prediction.pdb,/home/dkouv/work/tfr1-binder-design/experiments/004_oracle_success/outputs/exp1/oracle/rfdiffusion_76/round_4/metrics.json,
rfdiffusion_77,ok,48.84644317626953,0.20067843794822693,0.9126591086387634,14,195,0,0,29.169574737548828,> 4 Å,/home/dkouv/work/tfr1-binder-design/experiments/004_oracle_success/outputs/exp1/mpnn_relax/rfdiffusion_77/round_4/relaxed.pdb,/home/dkouv/work/tfr1-binder-design/experiments/004_oracle_success/outputs/exp1/oracle/rfdiffusion_77/round_4/prediction.pdb,/home/dkouv/work/tfr1-binder-design/experiments/004_oracle_success/outputs/exp1/oracle/rfdiffusion_77/round_4/metrics.json,
rfdiffusion_78,ok,16.65597152709961,0.20147784054279327,0.8474922776222229,14,195,0,0,5.193660736083984,> 4 Å,/home/dkouv/work/tfr1-binder-design/experiments/004_oracle_success/outputs/exp1/mpnn_relax/rfdiffusion_78/round_4/relaxed.pdb,/home/dkouv/work/tfr1-binder-design/experiments/004_oracle_success/outputs/exp1/oracle/rfdiffusion_78/round_4/prediction.pdb,/home/dkouv/work/tfr1-binder-design/experiments/004_oracle_success/outputs/exp1/oracle/rfdiffusion_78/round_4/metrics.json,
rfdiffusion_79,ok,39.18928146362305,0.1993921995162964,0.9123637080192566,14,195,0,0,23.508468627929688,> 4 Å,/home/dkouv/work/tfr1-binder-design/experiments/004_oracle_success/outputs/exp1/mpnn_relax/rfdiffusion_79/round_4/relaxed.pdb,/home/dkouv/work/tfr1-binder-design/experiments/004_oracle_success/outputs/exp1/oracle/rfdiffusion_79/round_4/prediction.pdb,/home/dkouv/work/tfr1-binder-design/experiments/004_oracle_success/outputs/exp1/oracle/rfdiffusion_79/round_4/metrics.json,
rfdiffusion_80,ok,26.09132957458496,0.1969176083803177,0.9085589647293091,14,195,0,0,15.55241584777832,> 4 Å,/home/dkouv/work/tfr1-binder-design/experiments/004_oracle_success/outputs/exp1/mpnn_relax/rfdiffusion_80/round_4/relaxed.pdb,/home/dkouv/work/tfr1-binder-design/experiments/004_oracle_success/outputs/exp1/oracle/rfdiffusion_80/round_4/prediction.pdb,/home/dkouv/work/tfr1-binder-design/experiments/004_oracle_success/outputs/exp1/oracle/rfdiffusion_80/round_4/metrics.json,
rfdiffusion_81,ok,61.42445373535156,0.1973615288734436,0.9064825177192688,14,195,0,0,42.60835266113281,> 4 Å,/home/dkouv/work/tfr1-binder-design/experiments/004_oracle_success/outputs/exp1/mpnn_relax/rfdiffusion_81/round_4/relaxed.pdb,/home/dkouv/work/tfr1-binder-design/experiments/004_oracle_success/outputs/exp1/oracle/rfdiffusion_81/round_4/prediction.pdb,/home/dkouv/work/tfr1-binder-design/experiments/004_oracle_success/outputs/exp1/oracle/rfdiffusion_81/round_4/metrics.json,
rfdiffusion_82,ok,41.18834686279297,0.20602203905582428,0.6190301775932312,14,195,0,0,17.91411590576172,> 4 Å,/home/dkouv/work/tfr1-binder-design/experiments/004_oracle_success/outputs/exp1/mpnn_relax/rfdiffusion_82/round_4/relaxed.pdb,/home/dkouv/work/tfr1-binder-design/experiments/004_oracle_success/outputs/exp1/oracle/rfdiffusion_82/round_4/prediction.pdb,/home/dkouv/work/tfr1-binder-design/experiments/004_oracle_success/outputs/exp1/oracle/rfdiffusion_82/round_4/metrics.json,
rfdiffusion_83,ok,39.46082305908203,0.20221370458602905,0.9174430966377258,14,195,0,0,22.690330505371094,> 4 Å,/home/dkouv/work/tfr1-binder-design/experiments/004_oracle_success/outputs/exp1/mpnn_relax/rfdiffusion_83/round_4/relaxed.pdb,/home/dkouv/work/tfr1-binder-design/experiments/004_oracle_success/outputs/exp1/oracle/rfdiffusion_83/round_4/prediction.pdb,/home/dkouv/work/tfr1-binder-design/experiments/004_oracle_success/outputs/exp1/oracle/rfdiffusion_83/round_4/metrics.json,
rfdiffusion_84,ok,47.91639709472656,0.20273038744926453,0.9122599959373474,14,195,0,0,29.490453720092773,> 4 Å,/home/dkouv/work/tfr1-binder-design/experiments/004_oracle_success/outputs/exp1/mpnn_relax/rfdiffusion_84/round_4/relaxed.pdb,/home/dkouv/work/tfr1-binder-design/experiments/004_oracle_success/outputs/exp1/oracle/rfdiffusion_84/round_4/prediction.pdb,/home/dkouv/work/tfr1-binder-design/experiments/004_oracle_success/outputs/exp1/oracle/rfdiffusion_84/round_4/metrics.json,
rfdiffusion_85,ok,39.11823272705078,0.200577512383461,0.9042826890945435,14,195,0,0,20.409412384033203,> 4 Å,/home/dkouv/work/tfr1-binder-design/experiments/004_oracle_success/outputs/exp1/mpnn_relax/rfdiffusion_85/round_4/relaxed.pdb,/home/dkouv/work/tfr1-binder-design/experiments/004_oracle_success/outputs/exp1/oracle/rfdiffusion_85/round_4/prediction.pdb,/home/dkouv/work/tfr1-binder-design/experiments/004_oracle_success/outputs/exp1/oracle/rfdiffusion_85/round_4/metrics.json,
rfdiffusion_86,ok,33.6356315612793,0.1983581930398941,0.8927562832832336,14,195,0,0,17.4266414642334,> 4 Å,/home/dkouv/work/tfr1-binder-design/experiments/004_oracle_success/outputs/exp1/mpnn_relax/rfdiffusion_86/round_4/relaxed.pdb,/home/dkouv/work/tfr1-binder-design/experiments/004_oracle_success/outputs/exp1/oracle/rfdiffusion_86/round_4/prediction.pdb,/home/dkouv/work/tfr1-binder-design/experiments/004_oracle_success/outputs/exp1/oracle/rfdiffusion_86/round_4/metrics.json,
rfdiffusion_87,ok,22.55476951599121,0.19910882413387299,0.8926709890365601,14,195,0,0,7.768895626068115,> 4 Å,/home/dkouv/work/tfr1-binder-design/experiments/004_oracle_success/outputs/exp1/mpnn_relax/rfdiffusion_87/round_4/relaxed.pdb,/home/dkouv/work/tfr1-binder-design/experiments/004_oracle_success/outputs/exp1/oracle/rfdiffusion_87/round_4/prediction.pdb,/home/dkouv/work/tfr1-binder-design/experiments/004_oracle_success/outputs/exp1/oracle/rfdiffusion_87/round_4/metrics.json,
rfdiffusion_88,ok,38.705116271972656,0.19927430152893066,0.8997023701667786,14,195,0,0,20.251264572143555,> 4 Å,/home/dkouv/work/tfr1-binder-design/experiments/004_oracle_success/outputs/exp1/mpnn_relax/rfdiffusion_88/round_4/relaxed.pdb,/home/dkouv/work/tfr1-binder-design/experiments/004_oracle_success/outputs/exp1/oracle/rfdiffusion_88/round_4/prediction.pdb,/home/dkouv/work/tfr1-binder-design/experiments/004_oracle_success/outputs/exp1/oracle/rfdiffusion_88/round_4/metrics.json,
rfdiffusion_89,ok,18.762664794921875,0.2015148550271988,0.8980063199996948,14,195,0,0,9.662186622619629,> 4 Å,/home/dkouv/work/tfr1-binder-design/experiments/004_oracle_success/outputs/exp1/mpnn_relax/rfdiffusion_89/round_4/relaxed.pdb,/home/dkouv/work/tfr1-binder-design/experiments/004_oracle_success/outputs/exp1/oracle/rfdiffusion_89/round_4/prediction.pdb,/home/dkouv/work/tfr1-binder-design/experiments/004_oracle_success/outputs/exp1/oracle/rfdiffusion_89/round_4/metrics.json,
rfdiffusion_90,ok,23.43157386779785,0.20309390127658844,0.8964933156967163,14,195,0,0,11.163527488708496,> 4 Å,/home/dkouv/work/tfr1-binder-design/experiments/004_oracle_success/outputs/exp1/mpnn_relax/rfdiffusion_90/round_4/relaxed.pdb,/home/dkouv/work/tfr1-binder-design/experiments/004_oracle_success/outputs/exp1/oracle/rfdiffusion_90/round_4/prediction.pdb,/home/dkouv/work/tfr1-binder-design/experiments/004_oracle_success/outputs/exp1/oracle/rfdiffusion_90/round_4/metrics.json,
rfdiffusion_91,ok,17.938613891601562,0.20309576392173767,0.8820207118988037,14,195,0,0,7.553150177001953,> 4 Å,/home/dkouv/work/tfr1-binder-design/experiments/004_oracle_success/outputs/exp1/mpnn_relax/rfdiffusion_91/round_4/relaxed.pdb,/home/dkouv/work/tfr1-binder-design/experiments/004_oracle_success/outputs/exp1/oracle/rfdiffusion_91/round_4/prediction.pdb,/home/dkouv/work/tfr1-binder-design/experiments/004_oracle_success/outputs/exp1/oracle/rfdiffusion_91/round_4/metrics.json,
rfdiffusion_92,ok,38.16067886352539,0.20795497298240662,0.4673532247543335,14,195,0,0,17.267866134643555,> 4 Å,/home/dkouv/work/tfr1-binder-design/experiments/004_oracle_success/outputs/exp1/mpnn_relax/rfdiffusion_92/round_4/relaxed.pdb,/home/dkouv/work/tfr1-binder-design/experiments/004_oracle_success/outputs/exp1/oracle/rfdiffusion_92/round_4/prediction.pdb,/home/dkouv/work/tfr1-binder-design/experiments/004_oracle_success/outputs/exp1/oracle/rfdiffusion_92/round_4/metrics.json,
rfdiffusion_93,ok,21.569133758544922,0.199708953499794,0.90269935131073,14,195,0,0,13.88346004486084,> 4 Å,/home/dkouv/work/tfr1-binder-design/experiments/004_oracle_success/outputs/exp1/mpnn_relax/rfdiffusion_93/round_4/relaxed.pdb,/home/dkouv/work/tfr1-binder-design/experiments/004_oracle_success/outputs/exp1/oracle/rfdiffusion_93/round_4/prediction.pdb,/home/dkouv/work/tfr1-binder-design/experiments/004_oracle_success/outputs/exp1/oracle/rfdiffusion_93/round_4/metrics.json,
rfdiffusion_94,ok,18.80950927734375,0.2001395970582962,0.9021846652030945,14,195,0,0,10.028427124023438,> 4 Å,/home/dkouv/work/tfr1-binder-design/experiments/004_oracle_success/outputs/exp1/mpnn_relax/rfdiffusion_94/round_4/relaxed.pdb,/home/dkouv/work/tfr1-binder-design/experiments/004_oracle_success/outputs/exp1/oracle/rfdiffusion_94/round_4/prediction.pdb,/home/dkouv/work/tfr1-binder-design/experiments/004_oracle_success/outputs/exp1/oracle/rfdiffusion_94/round_4/metrics.json,
rfdiffusion_95,ok,31.06620216369629,0.20152537524700165,0.9213850498199463,14,195,0,0,12.786396980285645,> 4 Å,/home/dkouv/work/tfr1-binder-design/experiments/004_oracle_success/outputs/exp1/mpnn_relax/rfdiffusion_95/round_4/relaxed.pdb,/home/dkouv/work/tfr1-binder-design/experiments/004_oracle_success/outputs/exp1/oracle/rfdiffusion_95/round_4/prediction.pdb,/home/dkouv/work/tfr1-binder-design/experiments/004_oracle_success/outputs/exp1/oracle/rfdiffusion_95/round_4/metrics.json,
rfdiffusion_96,ok,43.04039764404297,0.20229721069335938,0.9072203040122986,14,195,0,0,22.62861442565918,> 4 Å,/home/dkouv/work/tfr1-binder-design/experiments/004_oracle_success/outputs/exp1/mpnn_relax/rfdiffusion_96/round_4/relaxed.pdb,/home/dkouv/work/tfr1-binder-design/experiments/004_oracle_success/outputs/exp1/oracle/rfdiffusion_96/round_4/prediction.pdb,/home/dkouv/work/tfr1-binder-design/experiments/004_oracle_success/outputs/exp1/oracle/rfdiffusion_96/round_4/metrics.json,
rfdiffusion_97,ok,2.619436502456665,0.20259740948677063,0.5024634003639221,14,195,0,0,2.0501465797424316,≤ 4 Å,/home/dkouv/work/tfr1-binder-design/experiments/004_oracle_success/outputs/exp1/mpnn_relax/rfdiffusion_97/round_4/relaxed.pdb,/home/dkouv/work/tfr1-binder-design/experiments/004_oracle_success/outputs/exp1/oracle/rfdiffusion_97/round_4/prediction.pdb,/home/dkouv/work/tfr1-binder-design/experiments/004_oracle_success/outputs/exp1/oracle/rfdiffusion_97/round_4/metrics.json,
rfdiffusion_98,ok,10.084395408630371,0.20138514041900635,0.8756312131881714,14,195,0,0,3.426422119140625,≤ 4 Å,/home/dkouv/work/tfr1-binder-design/experiments/004_oracle_success/outputs/exp1/mpnn_relax/rfdiffusion_98/round_4/relaxed.pdb,/home/dkouv/work/tfr1-binder-design/experiments/004_oracle_success/outputs/exp1/oracle/rfdiffusion_98/round_4/prediction.pdb,/home/dkouv/work/tfr1-binder-design/experiments/004_oracle_success/outputs/exp1/oracle/rfdiffusion_98/round_4/metrics.json,
rfdiffusion_99,ok,13.783023834228516,0.2011968493461609,0.8572965860366821,14,195,0,0,4.338378429412842,> 4 Å,/home/dkouv/work/tfr1-binder-design/experiments/004_oracle_success/outputs/exp1/mpnn_relax/rfdiffusion_99/round_4/relaxed.pdb,/home/dkouv/work/tfr1-binder-design/experiments/004_oracle_success/outputs/exp1/oracle/rfdiffusion_99/round_4/prediction.pdb,/home/dkouv/work/tfr1-binder-design/experiments/004_oracle_success/outputs/exp1/oracle/rfdiffusion_99/round_4/metrics.json,
