peptide_length	sequence_attempts	complete_backbones	successful_backbones	success_fraction
8	1	199	146	0.7336683417085427
8	2	199	161	0.8090452261306532
8	3	199	174	0.8743718592964824
8	4	199	180	0.9045226130653267
8	5	199	182	0.914572864321608
8	6	199	185	0.9296482412060302
8	7	199	185	0.9296482412060302
8	8	199	186	0.9346733668341709
10	1	200	180	0.9
10	2	200	183	0.915
10	3	200	185	0.925
10	4	200	186	0.93
10	5	200	187	0.935
10	6	200	188	0.94
10	7	200	189	0.945
10	8	200	189	0.945
12	1	200	191	0.955
12	2	200	194	0.97
12	3	200	194	0.97
12	4	200	194	0.97
12	5	200	194	0.97
12	6	200	194	0.97
12	7	200	194	0.97
12	8	200	194	0.97
14	1	200	194	0.97
14	2	200	198	0.99
14	3	200	198	0.99
14	4	200	198	0.99
14	5	200	198	0.99
14	6	200	198	0.99
14	7	200	198	0.99
14	8	200	199	0.995
16	1	200	193	0.965
16	2	200	196	0.98
16	3	200	197	0.985
16	4	200	197	0.985
16	5	200	197	0.985
16	6	200	198	0.99
16	7	200	198	0.99
16	8	200	198	0.99
18	1	200	182	0.91
18	2	200	189	0.945
18	3	200	190	0.95
18	4	200	192	0.96
18	5	200	192	0.96
18	6	200	193	0.965
18	7	200	193	0.965
18	8	200	193	0.965
