cluster	status	backbone	peptide_length	sequence_id	sequence	pLDDT	backbone_RMSD	design_path	AfCycDesign_prediction_path	tsne_component_1	tsne_component_2
1	selected	length_14_macrocycle_14_0_model_88	14	5	VLVDGKWVEVDGRL	0.9805259704589844	0.1774448156356811	/Users/lkv206/work/tfr1-binder-design/experiments/007_RFD3_macrocycles/monomer_self_consistency/rfd3_backbones/length_14/length_14_macrocycle_14_0_model_88.cif.gz	/Users/lkv206/work/tfr1-binder-design/experiments/007_RFD3_macrocycles/monomer_self_consistency/afcyc_predictions/run_01/length_14/length_14_macrocycle_14_0_model_88/sequence_05/prediction.pdb	36.984184	-19.25815
2	selected	length_14_macrocycle_14_0_model_141	14	1	EVYPDRTVVYPDRV	0.9840354919433594	0.3247572481632232	/Users/lkv206/work/tfr1-binder-design/experiments/007_RFD3_macrocycles/monomer_self_consistency/rfd3_backbones/length_14/length_14_macrocycle_14_0_model_141.cif.gz	/Users/lkv206/work/tfr1-binder-design/experiments/007_RFD3_macrocycles/monomer_self_consistency/afcyc_predictions/run_01/length_14/length_14_macrocycle_14_0_model_141/sequence_01/prediction.pdb	-14.028286	-13.800035
3	selected	length_16_macrocycle_16_0_model_13	16	7	LYENGKLVGIAEDGTP	0.9823441505432128	0.1958694458007812	/Users/lkv206/work/tfr1-binder-design/experiments/007_RFD3_macrocycles/monomer_self_consistency/rfd3_backbones/length_16/length_16_macrocycle_16_0_model_13.cif.gz	/Users/lkv206/work/tfr1-binder-design/experiments/007_RFD3_macrocycles/monomer_self_consistency/afcyc_predictions/run_01/length_16/length_16_macrocycle_16_0_model_13/sequence_07/prediction.pdb	-0.19216159	32.24844
4	selected	length_14_macrocycle_14_0_model_135	14	7	RQGSTDPTATEEER	0.9794157147407532	0.4854354858398437	/Users/lkv206/work/tfr1-binder-design/experiments/007_RFD3_macrocycles/monomer_self_consistency/rfd3_backbones/length_14/length_14_macrocycle_14_0_model_135.cif.gz	/Users/lkv206/work/tfr1-binder-design/experiments/007_RFD3_macrocycles/monomer_self_consistency/afcyc_predictions/run_01/length_14/length_14_macrocycle_14_0_model_135/sequence_07/prediction.pdb	-51.05695	0.9879699
5	selected	length_16_macrocycle_16_0_model_154	16	2	QSYVLVDGKLVYNSET	0.9815683364868164	0.4224186241626739	/Users/lkv206/work/tfr1-binder-design/experiments/007_RFD3_macrocycles/monomer_self_consistency/rfd3_backbones/length_16/length_16_macrocycle_16_0_model_154.cif.gz	/Users/lkv206/work/tfr1-binder-design/experiments/007_RFD3_macrocycles/monomer_self_consistency/afcyc_predictions/run_01/length_16/length_16_macrocycle_16_0_model_154/sequence_02/prediction.pdb	23.395397	-16.826307
6	selected	length_10_macrocycle_10_0_model_13	10	5	ELVNGKIVNG	0.974102258682251	0.2447244524955749	/Users/lkv206/work/tfr1-binder-design/experiments/007_RFD3_macrocycles/monomer_self_consistency/rfd3_backbones/length_10/length_10_macrocycle_10_0_model_13.cif.gz	/Users/lkv206/work/tfr1-binder-design/experiments/007_RFD3_macrocycles/monomer_self_consistency/afcyc_predictions/run_01/length_10/length_10_macrocycle_10_0_model_13/sequence_05/prediction.pdb	56.539898	0.12646455
7	selected	length_12_macrocycle_12_0_model_87	12	8	ADGRVDADGRVL	0.9784838557243348	0.2270128428936004	/Users/lkv206/work/tfr1-binder-design/experiments/007_RFD3_macrocycles/monomer_self_consistency/rfd3_backbones/length_12/length_12_macrocycle_12_0_model_87.cif.gz	/Users/lkv206/work/tfr1-binder-design/experiments/007_RFD3_macrocycles/monomer_self_consistency/afcyc_predictions/run_01/length_12/length_12_macrocycle_12_0_model_87/sequence_08/prediction.pdb	-6.2159142	43.479862
8	selected	length_16_macrocycle_16_0_model_133	16	1	DGKWVYDEERQEWVLV	0.9798223972320556	0.2927241325378418	/Users/lkv206/work/tfr1-binder-design/experiments/007_RFD3_macrocycles/monomer_self_consistency/rfd3_backbones/length_16/length_16_macrocycle_16_0_model_133.cif.gz	/Users/lkv206/work/tfr1-binder-design/experiments/007_RFD3_macrocycles/monomer_self_consistency/afcyc_predictions/run_01/length_16/length_16_macrocycle_16_0_model_133/sequence_01/prediction.pdb	3.7436929	-6.148117
9	selected	length_10_macrocycle_10_0_model_198	10	4	TPDGVVDGVL	0.9721952080726624	0.2940701842308044	/Users/lkv206/work/tfr1-binder-design/experiments/007_RFD3_macrocycles/monomer_self_consistency/rfd3_backbones/length_10/length_10_macrocycle_10_0_model_198.cif.gz	/Users/lkv206/work/tfr1-binder-design/experiments/007_RFD3_macrocycles/monomer_self_consistency/afcyc_predictions/run_01/length_10/length_10_macrocycle_10_0_model_198/sequence_04/prediction.pdb	36.1297	3.944531
10	selected	length_08_macrocycle_08_0_model_165	8	6	RGLAEDPS	0.9614416360855104	0.3109338581562042	/Users/lkv206/work/tfr1-binder-design/experiments/007_RFD3_macrocycles/monomer_self_consistency/rfd3_backbones/length_08/length_08_macrocycle_08_0_model_165.cif.gz	/Users/lkv206/work/tfr1-binder-design/experiments/007_RFD3_macrocycles/monomer_self_consistency/afcyc_predictions/run_01/length_08/length_08_macrocycle_08_0_model_165/sequence_06/prediction.pdb	-28.645206	2.17216
11	selected	length_18_macrocycle_18_0_model_41	18	5	TVDGVTVSVRVGDTLVSV	0.9694581031799316	0.3572080135345459	/Users/lkv206/work/tfr1-binder-design/experiments/007_RFD3_macrocycles/monomer_self_consistency/rfd3_backbones/length_18/length_18_macrocycle_18_0_model_41.cif.gz	/Users/lkv206/work/tfr1-binder-design/experiments/007_RFD3_macrocycles/monomer_self_consistency/afcyc_predictions/run_01/length_18/length_18_macrocycle_18_0_model_41/sequence_05/prediction.pdb	0.16543107	-20.722965
12	selected	length_12_macrocycle_12_0_model_136	12	3	QVINGVYNEETK	0.9746702909469604	0.4325582683086395	/Users/lkv206/work/tfr1-binder-design/experiments/007_RFD3_macrocycles/monomer_self_consistency/rfd3_backbones/length_12/length_12_macrocycle_12_0_model_136.cif.gz	/Users/lkv206/work/tfr1-binder-design/experiments/007_RFD3_macrocycles/monomer_self_consistency/afcyc_predictions/run_01/length_12/length_12_macrocycle_12_0_model_136/sequence_03/prediction.pdb	25.642147	-6.172539
13	selected	length_08_macrocycle_08_0_model_62	8	2	PELGLPDY	0.969307541847229	0.186967447400093	/Users/lkv206/work/tfr1-binder-design/experiments/007_RFD3_macrocycles/monomer_self_consistency/rfd3_backbones/length_08/length_08_macrocycle_08_0_model_62.cif.gz	/Users/lkv206/work/tfr1-binder-design/experiments/007_RFD3_macrocycles/monomer_self_consistency/afcyc_predictions/run_01/length_08/length_08_macrocycle_08_0_model_62/sequence_02/prediction.pdb	-30.137537	11.373465
14	selected	length_16_macrocycle_16_0_model_108	16	6	RLADGSVQTLADGSRV	0.9806944131851196	0.2078180909156799	/Users/lkv206/work/tfr1-binder-design/experiments/007_RFD3_macrocycles/monomer_self_consistency/rfd3_backbones/length_16/length_16_macrocycle_16_0_model_108.cif.gz	/Users/lkv206/work/tfr1-binder-design/experiments/007_RFD3_macrocycles/monomer_self_consistency/afcyc_predictions/run_01/length_16/length_16_macrocycle_16_0_model_108/sequence_06/prediction.pdb	7.0905027	25.721233
15	selected	length_18_macrocycle_18_0_model_185	18	2	ARQTGNWELGRANQSEEL	0.9834283590316772	0.3709042370319366	/Users/lkv206/work/tfr1-binder-design/experiments/007_RFD3_macrocycles/monomer_self_consistency/rfd3_backbones/length_18/length_18_macrocycle_18_0_model_185.cif.gz	/Users/lkv206/work/tfr1-binder-design/experiments/007_RFD3_macrocycles/monomer_self_consistency/afcyc_predictions/run_01/length_18/length_18_macrocycle_18_0_model_185/sequence_02/prediction.pdb	-52.590076	3.0702338
16	selected	length_16_macrocycle_16_0_model_40	16	7	QREVIGPGQYREIGPG	0.9716137051582336	0.4652495086193084	/Users/lkv206/work/tfr1-binder-design/experiments/007_RFD3_macrocycles/monomer_self_consistency/rfd3_backbones/length_16/length_16_macrocycle_16_0_model_40.cif.gz	/Users/lkv206/work/tfr1-binder-design/experiments/007_RFD3_macrocycles/monomer_self_consistency/afcyc_predictions/run_01/length_16/length_16_macrocycle_16_0_model_40/sequence_07/prediction.pdb	-35.27971	-17.212696
17	selected	length_12_macrocycle_12_0_model_128	12	8	LADGRVAPDGRV	0.9809359312057496	0.1970278620719909	/Users/lkv206/work/tfr1-binder-design/experiments/007_RFD3_macrocycles/monomer_self_consistency/rfd3_backbones/length_12/length_12_macrocycle_12_0_model_128.cif.gz	/Users/lkv206/work/tfr1-binder-design/experiments/007_RFD3_macrocycles/monomer_self_consistency/afcyc_predictions/run_01/length_12/length_12_macrocycle_12_0_model_128/sequence_08/prediction.pdb	-15.051479	34.667683
18	selected	length_16_macrocycle_16_0_model_111	16	3	YNEETKSWVLVDGKLV	0.9810431003570556	0.4323607087135315	/Users/lkv206/work/tfr1-binder-design/experiments/007_RFD3_macrocycles/monomer_self_consistency/rfd3_backbones/length_16/length_16_macrocycle_16_0_model_111.cif.gz	/Users/lkv206/work/tfr1-binder-design/experiments/007_RFD3_macrocycles/monomer_self_consistency/afcyc_predictions/run_01/length_16/length_16_macrocycle_16_0_model_111/sequence_03/prediction.pdb	23.069778	-9.897731
19	selected	length_16_macrocycle_16_0_model_10	16	8	NLIGQTETQKFYDENG	0.9824680685997008	0.2363278567790985	/Users/lkv206/work/tfr1-binder-design/experiments/007_RFD3_macrocycles/monomer_self_consistency/rfd3_backbones/length_16/length_16_macrocycle_16_0_model_10.cif.gz	/Users/lkv206/work/tfr1-binder-design/experiments/007_RFD3_macrocycles/monomer_self_consistency/afcyc_predictions/run_01/length_16/length_16_macrocycle_16_0_model_10/sequence_08/prediction.pdb	-14.439819	8.789066
20	selected	length_10_macrocycle_10_0_model_98	10	5	GRLVDGVLVD	0.9748474359512328	0.1993907839059829	/Users/lkv206/work/tfr1-binder-design/experiments/007_RFD3_macrocycles/monomer_self_consistency/rfd3_backbones/length_10/length_10_macrocycle_10_0_model_98.cif.gz	/Users/lkv206/work/tfr1-binder-design/experiments/007_RFD3_macrocycles/monomer_self_consistency/afcyc_predictions/run_01/length_10/length_10_macrocycle_10_0_model_98/sequence_05/prediction.pdb	50.021454	-7.681743
21	selected	length_18_macrocycle_18_0_model_157	18	6	KTIVTTYPDRTEVRTVDG	0.9760692119598388	0.4533821642398834	/Users/lkv206/work/tfr1-binder-design/experiments/007_RFD3_macrocycles/monomer_self_consistency/rfd3_backbones/length_18/length_18_macrocycle_18_0_model_157.cif.gz	/Users/lkv206/work/tfr1-binder-design/experiments/007_RFD3_macrocycles/monomer_self_consistency/afcyc_predictions/run_01/length_18/length_18_macrocycle_18_0_model_157/sequence_06/prediction.pdb	-6.481044	-24.16361
22	selected	length_10_macrocycle_10_0_model_19	10	2	LVDGRVVDGV	0.9728779196739196	0.1867430508136749	/Users/lkv206/work/tfr1-binder-design/experiments/007_RFD3_macrocycles/monomer_self_consistency/rfd3_backbones/length_10/length_10_macrocycle_10_0_model_19.cif.gz	/Users/lkv206/work/tfr1-binder-design/experiments/007_RFD3_macrocycles/monomer_self_consistency/afcyc_predictions/run_01/length_10/length_10_macrocycle_10_0_model_19/sequence_02/prediction.pdb	50.127296	8.3709
23	selected	length_14_macrocycle_14_0_model_86	14	7	LVDGRWVRQGDRWV	0.9818176031112672	0.2615805864334106	/Users/lkv206/work/tfr1-binder-design/experiments/007_RFD3_macrocycles/monomer_self_consistency/rfd3_backbones/length_14/length_14_macrocycle_14_0_model_86.cif.gz	/Users/lkv206/work/tfr1-binder-design/experiments/007_RFD3_macrocycles/monomer_self_consistency/afcyc_predictions/run_01/length_14/length_14_macrocycle_14_0_model_86/sequence_07/prediction.pdb	25.588192	-17.889872
24	selected	length_16_macrocycle_16_0_model_183	16	6	RQADGSVVRLANGELA	0.9821681380271912	0.3148772716522217	/Users/lkv206/work/tfr1-binder-design/experiments/007_RFD3_macrocycles/monomer_self_consistency/rfd3_backbones/length_16/length_16_macrocycle_16_0_model_183.cif.gz	/Users/lkv206/work/tfr1-binder-design/experiments/007_RFD3_macrocycles/monomer_self_consistency/afcyc_predictions/run_01/length_16/length_16_macrocycle_16_0_model_183/sequence_06/prediction.pdb	8.287462	29.8464
25	selected	length_14_macrocycle_14_0_model_50	14	8	RVYTVDGVAVERDG	0.979564905166626	0.5914546847343445	/Users/lkv206/work/tfr1-binder-design/experiments/007_RFD3_macrocycles/monomer_self_consistency/rfd3_backbones/length_14/length_14_macrocycle_14_0_model_50.cif.gz	/Users/lkv206/work/tfr1-binder-design/experiments/007_RFD3_macrocycles/monomer_self_consistency/afcyc_predictions/run_01/length_14/length_14_macrocycle_14_0_model_50/sequence_08/prediction.pdb	12.802185	-27.482054
26	selected	length_18_macrocycle_18_0_model_152	18	1	GTVIGRDPVTGEEIVAPD	0.9802136421203612	0.3497895896434784	/Users/lkv206/work/tfr1-binder-design/experiments/007_RFD3_macrocycles/monomer_self_consistency/rfd3_backbones/length_18/length_18_macrocycle_18_0_model_152.cif.gz	/Users/lkv206/work/tfr1-binder-design/experiments/007_RFD3_macrocycles/monomer_self_consistency/afcyc_predictions/run_01/length_18/length_18_macrocycle_18_0_model_152/sequence_01/prediction.pdb	-4.8138933	1.5204382
27	selected	length_14_macrocycle_14_0_model_130	14	7	RLVLVDGEWRLIDG	0.9809171557426452	0.1722089797258377	/Users/lkv206/work/tfr1-binder-design/experiments/007_RFD3_macrocycles/monomer_self_consistency/rfd3_backbones/length_14/length_14_macrocycle_14_0_model_130.cif.gz	/Users/lkv206/work/tfr1-binder-design/experiments/007_RFD3_macrocycles/monomer_self_consistency/afcyc_predictions/run_01/length_14/length_14_macrocycle_14_0_model_130/sequence_07/prediction.pdb	33.249092	-28.014605
28	selected	length_10_macrocycle_10_0_model_101	10	1	QGEGASGEGA	0.932573139667511	0.4560954570770263	/Users/lkv206/work/tfr1-binder-design/experiments/007_RFD3_macrocycles/monomer_self_consistency/rfd3_backbones/length_10/length_10_macrocycle_10_0_model_101.cif.gz	/Users/lkv206/work/tfr1-binder-design/experiments/007_RFD3_macrocycles/monomer_self_consistency/afcyc_predictions/run_01/length_10/length_10_macrocycle_10_0_model_101/sequence_01/prediction.pdb	-44.781178	-12.345797
29	selected	length_16_macrocycle_16_0_model_179	16	2	RRQEWVLVGDTWVYDS	0.9825606346130372	0.3479267358779907	/Users/lkv206/work/tfr1-binder-design/experiments/007_RFD3_macrocycles/monomer_self_consistency/rfd3_backbones/length_16/length_16_macrocycle_16_0_model_179.cif.gz	/Users/lkv206/work/tfr1-binder-design/experiments/007_RFD3_macrocycles/monomer_self_consistency/afcyc_predictions/run_01/length_16/length_16_macrocycle_16_0_model_179/sequence_02/prediction.pdb	12.804249	-19.030151
30	selected	length_12_macrocycle_12_0_model_171	12	7	TLNADGTLNADG	0.9788615703582764	0.3724890053272247	/Users/lkv206/work/tfr1-binder-design/experiments/007_RFD3_macrocycles/monomer_self_consistency/rfd3_backbones/length_12/length_12_macrocycle_12_0_model_171.cif.gz	/Users/lkv206/work/tfr1-binder-design/experiments/007_RFD3_macrocycles/monomer_self_consistency/afcyc_predictions/run_01/length_12/length_12_macrocycle_12_0_model_171/sequence_07/prediction.pdb	-12.597379	43.620354
31	selected	length_10_macrocycle_10_0_model_131	10	7	TDPNSKDPNS	0.9694686532020568	0.7303493022918701	/Users/lkv206/work/tfr1-binder-design/experiments/007_RFD3_macrocycles/monomer_self_consistency/rfd3_backbones/length_10/length_10_macrocycle_10_0_model_131.cif.gz	/Users/lkv206/work/tfr1-binder-design/experiments/007_RFD3_macrocycles/monomer_self_consistency/afcyc_predictions/run_01/length_10/length_10_macrocycle_10_0_model_131/sequence_07/prediction.pdb	-41.076103	1.9388697
32	selected	length_18_macrocycle_18_0_model_196	18	5	ATAVADGVRRETRDGVVH	0.9772936701774596	0.3942036926746368	/Users/lkv206/work/tfr1-binder-design/experiments/007_RFD3_macrocycles/monomer_self_consistency/rfd3_backbones/length_18/length_18_macrocycle_18_0_model_196.cif.gz	/Users/lkv206/work/tfr1-binder-design/experiments/007_RFD3_macrocycles/monomer_self_consistency/afcyc_predictions/run_01/length_18/length_18_macrocycle_18_0_model_196/sequence_05/prediction.pdb	7.3080115	-26.216345
33	selected	length_18_macrocycle_18_0_model_45	18	5	VEYVETPDGVVAVDHGTR	0.9810563325881958	0.3604041039943695	/Users/lkv206/work/tfr1-binder-design/experiments/007_RFD3_macrocycles/monomer_self_consistency/rfd3_backbones/length_18/length_18_macrocycle_18_0_model_45.cif.gz	/Users/lkv206/work/tfr1-binder-design/experiments/007_RFD3_macrocycles/monomer_self_consistency/afcyc_predictions/run_01/length_18/length_18_macrocycle_18_0_model_45/sequence_05/prediction.pdb	-3.211949	-14.525152
34	selected	length_12_macrocycle_12_0_model_1	12	2	TDPVTGETRDGV	0.9789937734603882	0.2552619278430938	/Users/lkv206/work/tfr1-binder-design/experiments/007_RFD3_macrocycles/monomer_self_consistency/rfd3_backbones/length_12/length_12_macrocycle_12_0_model_1.cif.gz	/Users/lkv206/work/tfr1-binder-design/experiments/007_RFD3_macrocycles/monomer_self_consistency/afcyc_predictions/run_01/length_12/length_12_macrocycle_12_0_model_1/sequence_02/prediction.pdb	10.520178	-3.9942725
35	selected	length_10_macrocycle_10_0_model_177	10	2	STDPNSKDPN	0.9689801335334778	0.901630163192749	/Users/lkv206/work/tfr1-binder-design/experiments/007_RFD3_macrocycles/monomer_self_consistency/rfd3_backbones/length_10/length_10_macrocycle_10_0_model_177.cif.gz	/Users/lkv206/work/tfr1-binder-design/experiments/007_RFD3_macrocycles/monomer_self_consistency/afcyc_predictions/run_01/length_10/length_10_macrocycle_10_0_model_177/sequence_02/prediction.pdb	-42.107082	-0.6127388
36	selected	length_08_macrocycle_08_0_model_160	8	1	ATDPERGV	0.964087963104248	0.3473660945892334	/Users/lkv206/work/tfr1-binder-design/experiments/007_RFD3_macrocycles/monomer_self_consistency/rfd3_backbones/length_08/length_08_macrocycle_08_0_model_160.cif.gz	/Users/lkv206/work/tfr1-binder-design/experiments/007_RFD3_macrocycles/monomer_self_consistency/afcyc_predictions/run_01/length_08/length_08_macrocycle_08_0_model_160/sequence_01/prediction.pdb	-45.135868	8.976888
37	selected	length_08_macrocycle_08_0_model_23	8	4	RPDVAGTS	0.9350830912590028	0.2547767758369446	/Users/lkv206/work/tfr1-binder-design/experiments/007_RFD3_macrocycles/monomer_self_consistency/rfd3_backbones/length_08/length_08_macrocycle_08_0_model_23.cif.gz	/Users/lkv206/work/tfr1-binder-design/experiments/007_RFD3_macrocycles/monomer_self_consistency/afcyc_predictions/run_01/length_08/length_08_macrocycle_08_0_model_23/sequence_04/prediction.pdb	-26.68462	-8.14685
38	selected	length_12_macrocycle_12_0_model_51	12	2	NADGTLNADGTI	0.9778937697410583	0.5354421138763428	/Users/lkv206/work/tfr1-binder-design/experiments/007_RFD3_macrocycles/monomer_self_consistency/rfd3_backbones/length_12/length_12_macrocycle_12_0_model_51.cif.gz	/Users/lkv206/work/tfr1-binder-design/experiments/007_RFD3_macrocycles/monomer_self_consistency/afcyc_predictions/run_01/length_12/length_12_macrocycle_12_0_model_51/sequence_02/prediction.pdb	-7.514672	37.03639
39	selected	length_12_macrocycle_12_0_model_196	12	5	LLADGRVSADGR	0.9802191257476808	0.3359939157962799	/Users/lkv206/work/tfr1-binder-design/experiments/007_RFD3_macrocycles/monomer_self_consistency/rfd3_backbones/length_12/length_12_macrocycle_12_0_model_196.cif.gz	/Users/lkv206/work/tfr1-binder-design/experiments/007_RFD3_macrocycles/monomer_self_consistency/afcyc_predictions/run_01/length_12/length_12_macrocycle_12_0_model_196/sequence_05/prediction.pdb	-18.715302	42.245384
40	selected	length_10_macrocycle_10_0_model_8	10	5	VNGKLVGNEI	0.9698257446289062	0.2105537056922912	/Users/lkv206/work/tfr1-binder-design/experiments/007_RFD3_macrocycles/monomer_self_consistency/rfd3_backbones/length_10/length_10_macrocycle_10_0_model_8.cif.gz	/Users/lkv206/work/tfr1-binder-design/experiments/007_RFD3_macrocycles/monomer_self_consistency/afcyc_predictions/run_01/length_10/length_10_macrocycle_10_0_model_8/sequence_05/prediction.pdb	35.085705	-0.4844591
